<BB>
	<styles>
		<document>
			<linesBefore>0</linesBefore>
			<linesAfter>0</linesAfter>
			<leftMargin>0</leftMargin>
			<firstLineIndent>0</firstLineIndent>
			<skipNumberLines>false</skipNumberLines>
			<format>leftJustified</format>
			<newPageBefore>false</newPageBefore>
			<newPageAfter>false</newPageAfter>
			<righthandPage>false</righthandPage>
			<braillePageNumberFormat>normal</braillePageNumberFormat>
			<keepWithNext>false</keepWithNext>
			<dontSplit>false</dontSplit>
			<orphanControl>0</orphanControl>
			<newLineAfter>true</newLineAfter>
		</document>
		<para>
			<firstLineIndent>2</firstLineIndent>
		</para>
		<heading1>
			<linesBefore>1</linesBefore>
			<format>16777216</format>
			<linesAfter>1</linesAfter>
		</heading1>
		<heading2>
			<linesBefore>1</linesBefore>
			<firstLineIndent>4</firstLineIndent>
		</heading2>
		<heading3>
			<firstLineIndent>4</firstLineIndent>
		</heading3>
		<heading4>
			<firstLineIndent>4</firstLineIndent>
		</heading4>
		<list>
			<firstLineIndent>-2</firstLineIndent>
			<leftMargin>2</leftMargin>
		</list>
		<italicx>
			<Font>italic</Font>
		</italicx>
		<boldx>
			<Font>italic</Font>
		</boldx>
		<pagenum>
		</pagenum>
	</styles>
	<actions>
		<italicx>
			<Font>italic</Font>
		</italicx>
		<boldx>
			<Font>italic</Font>
		</boldx>
	</actions>
</BB>